{
    "random": [
        "typ",
        "liksom",
        "ba'",
        "yolo"
    ],
    "separate": [
        "j\u00e4tte",
        "super",
        "svin"
    ],
    "words": {
        "vara": "va",
        "hej": "tjeniz",
        ", ": ", typ",
        "kul": "fr\u00e4scht",
        "okej": "kej",
        "tusen": "papp",
        "ok": "okii",
        "!": " \u00e5 s\u00e5nt!",
        "puss": "puzz",
        "bara": "ba'",
        "?": " \u00e5 s\u00e5nt?",
        "jag": "ja",
        "hejd\u00e5": "kjamiz <3<3",
        "kompis": "chiefen",
        "kram": "kjamizz",
        "nyb\u00c3\u00b6rjare": "n00b",
        "orka": "palla",
        "cool": "swag",
        "taskig": "obror",
        "dig": "bror"
    }
}